B01-F01_12, 593, 685.932, 453.094, 24.5344, 10.825829121, 41.2596390406
B01-F01_15, 595, 245.319, 323.622, 41.2156, 10.8458482294, 41.2570539788
B01-F01_15, 596, 531.298, 458.858, 25.0, 10.842037404, 41.2603852378
B01-F01_16, 593, 685.932, 53.0941, 24.5344, 10.825829121, 41.2596390406
B01-F01_18, 594, 430.027, 374.256, 87.4361, 10.8566661408, 41.2602841716
B01-F01_19, 596, 531.298, 58.8579, 25.0, 10.842037404, 41.2603852378
B01-F01_26, 597, 562.366, 270.896, 22.9065, 10.8596692294, 41.2698705632
B01-F02_3, 606, 101.536, 42.5504, 15.0, 10.7970465177, 41.2508491812
B01-F02_9, 593, 185.73, 454.421, 24.5344, 10.825829121, 41.2596390406
B01-F02_11, 604, 364.354, 478.568, 57.7921, 10.8018965896, 41.268016992
B01-F02_13, 593, 185.73, 54.4211, 24.5344, 10.825829121, 41.2596390406
B01-F02_14, 605, 511.686, 173.292, 37.5, 10.8106718648, 41.2665206271
B01-F02_15, 604, 364.354, 78.5683, 57.7921, 10.8018965896, 41.268016992
B01-F03_3, 611, 348.692, 349.851, 27.5, 10.7550806242, 41.2695442618
B01-F03_3, 612, 589.864, 139.569, 40.0, 10.7494292726, 41.2682377929
B01-F03_3, 618, 204.936, 337.171, 72.1907, 10.7574122567, 41.2685715236
B01-F03_8, 1375, 705.854, 441.847, 20.0, 10.742193697, 41.2813329046
B01-F03_12, 1375, 705.854, 41.8469, 20.0, 10.742193697, 41.2813329046
B01-F03_19, 614, 504.433, 237.8, 17.7684, 10.7636334625, 41.2893039976
B01-F03_28, 616, 108.535, 281.942, 44.2111, 10.7661108531, 41.3013088738
B01-F04_3, 1374, 540.759, 448.562, 16.25, 10.711676386, 41.285381403
B01-F04_5, 1375, 163.808, 453.837, 20.0, 10.742193697, 41.2813329046
B01-F04_7, 1374, 540.759, 48.5616, 16.25, 10.711676386, 41.285381403
B01-F04_9, 1375, 163.808, 53.8369, 20.0, 10.742193697, 41.2813329046
B01-F04_14, 1378, 444.175, 173.694, 18.75, 10.7308158404, 41.2930443206
B01-F04_22, 1379, 134.14, 444.105, 27.5909, 10.7441025534, 41.3048732607
B01-F04_26, 1376, 348.317, 95.0363, 50.0, 10.7408684298, 41.3067298058
B01-F04_26, 1379, 134.14, 44.1055, 27.5909, 10.7441025534, 41.3048732607
B01-F04_27, 1377, 264.033, 92.0898, 27.5, 10.7317133535, 41.3097476846
B01-F05_5, 1381, 622.767, 145.117, 13.75, 10.692024656, 41.2934093859
B01-F05_13, 1382, 315.434, 247.904, 20.5649, 10.7040049588, 41.3031267967
B01-F05_14, 1383, 405.848, 393.383, 18.75, 10.6930162349, 41.3090151588
B01-F06_6, 1385, 520.138, 265.02, 22.3587, 10.6440038164, 41.3112817028
B01-F06_16, 1386, 421.757, 225.982, 36.414, 10.6302695431, 41.3274412979
B01-F06_24, 1387, 348.786, 291.934, 21.284, 10.638015217, 41.3380172571
B01-F07_6, 619, 442.674, 134.814, 40.324, 10.8255377799, 41.2080920372
B01-F07_9, 622, 623.023, 440.662, 49.9451, 10.8383380552, 41.2145356596
B01-F07_9, 623, 588.085, 242.364, 25.3188, 10.8374378387, 41.2118223348
B01-F07_13, 622, 623.023, 40.662, 49.9451, 10.8383380552, 41.2145356596
B01-F07_16, 624, 293.272, 152.012, 25.0011, 10.8131082462, 41.2246771568
B01-F07_26, 626, 630.451, 217.489, 42.6412, 10.8380134746, 41.2355776833
B01-F07_27, 626, 5.45079, 217.489, 42.6412, 10.8380134746, 41.2355776833
B01-F07_28, 627, 616.395, 245.44, 29.4002, 10.817368888, 41.2429141833
B01-F08_3, 640, 495.865, 114.6, 27.544, 10.7708413314, 41.2200902039
B01-F08_16, 641, 437.886, 328.478, 24.9404, 10.7718898876, 41.2412329747
B01-F08_23, 642, 143.504, 437.554, 36.2661, 10.7942335811, 41.2475747668
B01-F08_25, 627, 112.876, 240.681, 29.4002, 10.817368888, 41.2429141833
B01-F08_26, 606, 725.31, 314.868, 15.0, 10.7970465177, 41.2508491812
B01-F08_27, 606, 100.31, 314.868, 15.0, 10.7970465177, 41.2508491812
B01-F08_27, 642, 143.504, 37.5536, 36.2661, 10.7942335811, 41.2475747668
B01-F09_15, 655, 308.833, 195.687, 48.938, 10.7435154906, 41.2486894537
B01-F09_22, 663, 230.635, 306.271, 22.0963, 10.7622258277, 41.2562698592
B01-F09_27, 612, 588.864, 411.683, 40.0, 10.7494292726, 41.2682377929
B01-F10_14, 1389, 328.278, 403.213, 56.3285, 10.7142952908, 41.261301604
B01-F10_15, 1390, 354.622, 267.032, 29.2933, 10.7022776922, 41.2632533453
B01-F10_15, 1391, 534.604, 467.352, 25.0, 10.7007447857, 41.2668116835
B01-F10_18, 1389, 328.278, 3.21286, 56.3285, 10.7142952908, 41.261301604
B01-F10_19, 1391, 534.604, 67.3516, 25.0, 10.7007447857, 41.2668116835
B01-F10_22, 1392, 242.864, 381.345, 25.0, 10.7215867295, 41.2706914449
B01-F11_1, 1395, 498.87, 380.682, 22.102, 10.6726775147, 41.256623074
B01-F11_7, 1396, 249.633, 301.627, 34.9797, 10.6581972278, 41.2663484544
B01-F12_15, 1402, 234.233, 357.643, 25.7516, 10.6247898102, 41.290523025
B01-F12_17, 1400, 614.404, 464.521, 51.0445, 10.6432895074, 41.2920394707
B01-F12_21, 1400, 614.404, 64.5206, 51.0445, 10.6432895074, 41.2920394707
B01-F12_21, 1405, 295.35, 297.175, 35.0, 10.6504270062, 41.2931878191
B01-F12_22, 1401, 313.037, 162.203, 18.6781, 10.6385593111, 41.2951076861
B01-F12_23, 1403, 535.527, 115.243, 33.8271, 10.6238937954, 41.2992999355
B01-F13_3, 672, 677.185, 210.256, 34.8404, 10.7885148915, 41.1749278157
B01-F13_4, 672, 52.1847, 210.256, 34.8404, 10.7885148915, 41.1749278157
B01-F13_6, 668, 155.177, 134.376, 35.8325, 10.8102821928, 41.1725624042
B01-F13_6, 670, 409.725, 126.792, 37.1222, 10.8059345144, 41.1739041391
B01-F13_6, 671, 613.729, 238.897, 34.2289, 10.8033368877, 41.1764788919
B01-F13_8, 673, 367.824, 248.424, 37.5465, 10.7864802784, 41.1822700533
B01-F13_12, 677, 268.868, 141.198, 22.5, 10.7903452178, 41.1854264655
B01-F13_13, 680, 277.051, 290.535, 20.9559, 10.8259412433, 41.1818507273
B01-F13_15, 683, 104.707, 356.882, 63.5003, 10.8082715302, 41.1887816845
B01-F13_18, 682, 477.572, 187.581, 63.5663, 10.8142545202, 41.1902843273
B01-F14_13, 696, 612.278, 258.774, 56.25, 10.7799540676, 41.1967422234
B01-F14_13, 704, 261.978, 335.533, 27.5, 10.7864369472, 41.1957364288
B01-F14_16, 709, 205.518, 449.065, 22.5, 10.7566228046, 41.2074509088
B01-F14_20, 709, 205.518, 49.0651, 22.5, 10.7566228046, 41.2074509088
B01-F14_24, 716, 532.71, 431.933, 35.0, 10.7569810536, 41.2192324061
B01-F14_27, 640, 497.069, 393.634, 27.544, 10.7708413314, 41.2200902039
B01-F14_28, 716, 532.71, 31.9326, 35.0, 10.7569810536, 41.2192324061
B01-F15_21, 716, 31.3991, 434.067, 35.0, 10.7569810536, 41.2192324061
B01-F15_25, 716, 31.3991, 34.0669, 35.0, 10.7569810536, 41.2192324061
B01-F15_28, 1424, 665.987, 108.846, 31.25, 10.7152075487, 41.2343610105
B01-F16_2, 1415, 477.375, 324.139, 63.3314, 10.6820702871, 41.2119149231
B01-F16_25, 1424, 120.606, 130.572, 31.25, 10.7152075487, 41.2343610105
B01-F16_27, 1425, 652.472, 167.914, 37.5, 10.6854240407, 41.2449041471
B01-F16_27, 1426, 618.466, 243.502, 43.75, 10.6865657634, 41.245671121
B01-F16_28, 1425, 27.4716, 167.914, 37.5, 10.6854240407, 41.2449041471
B01-F17_10, 1438, 652.989, 112.989, 70.8244, 10.6434289886, 41.2338784411
B01-F17_11, 1438, 27.9889, 112.989, 70.8244, 10.6434289886, 41.2338784411
B01-F17_14, 1439, 688.82, 402.759, 25.0, 10.648006027, 41.2428327953
B01-F17_15, 1439, 63.8204, 402.759, 25.0, 10.648006027, 41.2428327953
B01-F17_18, 1439, 688.82, 2.75883, 25.0, 10.648006027, 41.2428327953
B01-F17_19, 1439, 63.8204, 2.75883, 25.0, 10.648006027, 41.2428327953
B01-F18_3, 1444, 446.823, 58.1652, 58.7954, 10.5898398336, 41.2387971643
B03-F13_3, 597, 651.655, 4.32912, 22.9065, 10.8596692294, 41.2698705632
B03-F13_4, 597, 26.6547, 4.32912, 22.9065, 10.8596692294, 41.2698705632
B09-F01_6, 410, 433.752, 137.119, 40.7588, 11.1968880924, 41.6127708917
B09-F01_7, 412, 638.491, 379.47, 25.1643, 11.1846362242, 41.620532212
B09-F01_8, 412, 13.491, 379.47, 25.1643, 11.1846362242, 41.620532212
B09-F01_14, 413, 692.162, 305.36, 27.5, 11.1998185901, 41.6265158721
B09-F01_14, 414, 243.928, 401.442, 25.0, 11.2081530113, 41.6252025357
B09-F01_15, 413, 67.1622, 305.36, 27.5, 11.1998185901, 41.6265158721
B09-F01_18, 414, 243.928, 1.44236, 25.0, 11.2081530113, 41.6252025357
B09-F01_18, 415, 498.654, 363.037, 16.3239, 11.2065626078, 41.6312295716
B09-F02_2, 430, 513.982, 292.581, 20.0, 11.153277846, 41.6236212731
B09-F02_3, 433, 722.651, 332.398, 18.75, 11.1394268407, 41.6288344098
B09-F02_4, 433, 97.6508, 332.398, 18.75, 11.1394268407, 41.6288344098
B09-F02_7, 427, 369.188, 450.936, 45.5032, 11.149345085, 41.6334182008
B09-F02_8, 426, 159.537, 179.911, 18.0584, 11.1402459272, 41.6323246187
B09-F02_11, 427, 369.188, 50.9355, 45.5032, 11.149345085, 41.6334182008
B09-F02_12, 428, 386.145, 378.528, 121.758, 11.1409209532, 41.641200185
B09-F02_14, 434, 370.296, 240.976, 17.4386, 11.1643963204, 41.6373805873
B09-F02_19, 429, 253.778, 231.417, 21.8148, 11.1587149075, 41.6452071285
B09-F03_2, 437, 427.042, 385.578, 62.6717, 11.1151554616, 41.6377101777
B09-F03_2, 449, 189.968, 128.087, 16.25, 11.1172341423, 41.6331038972
B09-F03_4, 459, 550.357, 62.2754, 21.3878, 11.0893949347, 41.6413623631
B09-F03_8, 438, 597.234, 205.124, 48.8918, 11.0926996193, 41.648515698
B09-F03_9, 440, 298.055, 159.214, 75.0, 11.1322926679, 41.6407284789
B09-F03_11, 441, 370.366, 243.536, 47.5924, 11.1104787043, 41.6492687098
B09-F03_11, 442, 306.51, 220.491, 20.0, 11.1113888466, 41.6486156468
B09-F03_14, 454, 277.053, 226.025, 75.1013, 11.1255676013, 41.6500640652
B09-F03_19, 444, 523.068, 467.001, 25.0, 11.1156225621, 41.6631174456
B09-F03_23, 444, 523.068, 67.0006, 25.0, 11.1156225621, 41.6631174456
B09-F03_23, 445, 547.705, 221.099, 28.75, 11.1163692914, 41.6652118654
B09-F04_1, 459, 7.65151, 82.3477, 21.3878, 11.0893949347, 41.6413623631
B09-F04_3, 1178, 502.445, 213.085, 23.2518, 11.0607567131, 41.6528770357
B09-F04_5, 438, 54.7877, 225.173, 48.8918, 11.0926996193, 41.648515698
B09-F04_10, 1179, 279.574, 190.078, 17.5, 11.0810293363, 41.657947115
B09-F04_11, 1180, 598.438, 367.404, 35.0506, 11.0663395432, 41.6655285107
B09-F04_19, 1181, 384.577, 386.832, 31.25, 11.0761681779, 41.6747179446
B09-F04_21, 1182, 340.206, 256.191, 31.0807, 11.1001914698, 41.6708213961
B09-F05_1, 1198, 414.141, 43.2712, 50.0, 11.0418991248, 41.6565633618
B09-F05_2, 1218, 397.466, 35.1297, 25.0, 11.0315065698, 41.6598964848
B09-F05_4, 1199, 518.07, 456.999, 72.5, 11.0114140869, 41.6729891192
B09-F05_5, 1200, 581.896, 460.336, 27.4771, 11.045229442, 41.6678778707
B09-F05_6, 1204, 388.437, 473.716, 40.0, 11.0380008402, 41.6704857099
B09-F05_8, 1199, 518.07, 56.999, 72.5, 11.0114140869, 41.6729891192
B09-F05_9, 1200, 581.896, 60.3364, 27.4771, 11.045229442, 41.6678778707
B09-F05_10, 1203, 510.484, 181.548, 40.0, 11.0367432235, 41.6725433586
B09-F05_10, 1204, 388.437, 73.7157, 40.0, 11.0380008402, 41.6704857099
B09-F05_11, 1207, 576.707, 148.756, 29.2933, 11.0247531392, 41.6760313896
B09-F05_13, 1201, 588.846, 227.168, 51.3472, 11.0493992718, 41.6751088097
B09-F05_16, 1209, 255.573, 466.47, 83.128, 11.0250174133, 41.6868544253
B09-F05_17, 1208, 670.649, 113.116, 25.0, 11.0501731513, 41.6791989742
B09-F05_18, 1208, 45.6488, 113.116, 25.0, 11.0501731513, 41.6791989742
B09-F05_20, 1209, 255.573, 66.4699, 83.128, 11.0250174133, 41.6868544253
B09-F05_25, 1210, 396.958, 365.833, 25.0, 11.0627896466, 41.6910077918
B09-F06_1, 1199, 15.6975, 459.205, 72.5, 11.0114140869, 41.6729891192
B09-F06_3, 1231, 717.755, 367.798, 37.5, 10.9775611107, 41.6828559618
B09-F06_4, 1231, 92.7547, 367.798, 37.5, 10.9775611107, 41.6828559618
B09-F06_5, 1199, 15.6975, 59.2049, 72.5, 11.0114140869, 41.6729891192
B09-F06_27, 1229, 207.797, 203.457, 42.5, 11.0031378843, 41.7083429562
B09-F06_27, 1230, 705.093, 305.414, 22.5, 10.9954573141, 41.7124460218
B09-F06_28, 1230, 80.0928, 305.414, 22.5, 10.9954573141, 41.7124460218
B09-F07_3, 470, 102.542, 9.87119, 25.0, 11.1676255951, 41.5738401942
B09-F07_8, 461, 406.777, 195.372, 40.2537, 11.156282099, 41.5865167367
B09-F08_3, 474, 599.793, 263.746, 22.5, 11.1208035723, 41.5932695664
B09-F08_4, 473, 513.197, 367.472, 25.8065, 11.1124509646, 41.5976255259
B09-F08_5, 475, 307.96, 484.318, 36.3938, 11.151648959, 41.5924342276
B09-F08_9, 475, 307.96, 84.3177, 36.3938, 11.151648959, 41.5924342276
B09-F08_9, 476, 587.638, 283.666, 16.25, 11.1484104778, 41.5965438242
B09-F08_11, 477, 351.241, 367.95, 41.7823, 11.1318492111, 41.6033393282
B09-F08_12, 478, 137.493, 343.975, 18.75, 11.1246894352, 41.6053576832
B09-F08_12, 484, 715.39, 105.709, 36.5373, 11.1130830748, 41.6055970965
B09-F08_18, 480, 352.791, 421.017, 43.75, 11.1488738167, 41.6106410302
B09-F08_19, 479, 365.153, 127.665, 35.7774, 11.1358412668, 41.6105198432
B09-F08_22, 480, 352.791, 21.0175, 43.75, 11.1488738167, 41.6106410302
B09-F09_1, 473, 13.4144, 368.508, 25.8065, 11.1124509646, 41.5976255259
B09-F09_7, 513, 688.839, 342.151, 25.0, 11.0826014945, 41.6132429729
B09-F09_8, 513, 63.8395, 342.151, 25.0, 11.0826014945, 41.6132429729
B09-F09_9, 484, 215.859, 106.65, 36.5373, 11.1130830748, 41.6055970965
B09-F09_12, 501, 532.602, 208.635, 27.403, 11.0766576764, 41.6192712508
B09-F09_12, 503, 424.599, 134.66, 29.7773, 11.0779322529, 41.6177227655
B09-F09_12, 1240, 663.434, 451.906, 42.771, 11.076274111, 41.6230969244
B09-F09_13, 497, 296.109, 222.072, 34.4346, 11.1156171589, 41.6125898325
B09-F09_13, 505, 593.372, 451.553, 26.0237, 11.1123073017, 41.6171812115
B09-F09_16, 1240, 663.434, 51.9063, 42.771, 11.076274111, 41.6230969244
B09-F09_17, 505, 593.372, 51.5526, 26.0237, 11.1123073017, 41.6171812115
B09-F09_17, 507, 549.837, 372.812, 38.7032, 11.1154747063, 41.621011045
B09-F09_26, 449, 192.642, 406.684, 16.25, 11.1172341423, 41.6331038972
B09-F09_28, 459, 553.016, 340.495, 21.3878, 11.0893949347, 41.6413623631
B09-F09_28, 518, 296.382, 109.865, 14.2836, 11.0920092062, 41.636986528
B09-F10_3, 1238, 146.699, 183.139, 37.182, 11.0463776493, 41.6164881453
B09-F10_4, 1239, 492.84, 353.859, 25.0, 11.03118267, 41.6241378674
B09-F10_9, 1240, 120.228, 472.4, 42.771, 11.076274111, 41.6230969244
B09-F10_9, 1241, 717.777, 368.254, 41.2896, 11.0653448943, 41.6251523702
B09-F10_10, 1241, 92.7772, 368.254, 41.2896, 11.0653448943, 41.6251523702
B09-F10_10, 1251, 582.808, 274.827, 25.2186, 11.0563210684, 41.6267354487
B09-F10_11, 1244, 685.03, 215.047, 106.582, 11.0435244459, 41.6300842698
B09-F10_12, 1242, 463.459, 203.285, 25.0, 11.0365865507, 41.6322129929
B09-F10_12, 1243, 398.471, 290.198, 32.7109, 11.0383464482, 41.6329489363
B09-F10_12, 1244, 60.0297, 215.047, 106.582, 11.0435244459, 41.6300842698
B09-F10_13, 1240, 120.228, 72.4005, 42.771, 11.076274111, 41.6230969244
B09-F10_19, 1245, 266.358, 324.119, 27.6276, 11.0575021029, 41.6392544141
B09-F10_25, 459, 10.5214, 361.042, 21.3878, 11.0893949347, 41.6413623631
B09-F10_26, 1247, 238.343, 242.158, 28.2293, 11.0740177364, 41.6446748494
B09-F10_27, 1246, 241.657, 189.403, 25.0, 11.0629509883, 41.6475559504
B09-F11_2, 1265, 395.959, 130.05, 25.0, 11.0119525543, 41.6271923629
B09-F11_3, 1266, 263.076, 127.364, 29.3968, 11.0035782514, 41.6299376294
B09-F11_3, 1267, 139.981, 223.923, 23.7699, 11.0063974976, 41.6304676949
B09-F11_4, 1268, 353.377, 156.895, 19.9363, 10.9916573269, 41.6343511148
B09-F11_4, 1269, 647.905, 17.9713, 21.5045, 10.985607341, 41.6342507576
B09-F11_6, 1263, 392.371, 102.867, 40.5973, 11.0148308478, 41.6319025475
B09-F11_6, 1264, 629.002, 231.658, 17.3347, 11.0117870449, 41.6348733059
B09-F11_10, 1272, 439.155, 487.471, 20.6809, 11.0199671813, 41.6421219649
B09-F11_10, 1273, 675.845, 308.302, 33.75, 11.0145942338, 41.6411857395
B09-F11_10, 1303, 484.467, 187.028, 41.9274, 11.0169267551, 41.6385659116
B09-F11_11, 1273, 50.8446, 308.302, 33.75, 11.0145942338, 41.6411857395
B09-F11_11, 1275, 345.341, 437.099, 41.9118, 11.0105674876, 41.6444834188
B09-F11_12, 1276, 436.718, 195.512, 24.2936, 10.9965775168, 41.6454633667
B09-F11_13, 1277, 360.097, 327.962, 20.0, 11.0337386579, 41.6411948894
B09-F11_14, 1272, 439.155, 87.4706, 20.6809, 11.0199671813, 41.6421219649
B09-F11_14, 1285, 289.296, 292.616, 30.0, 11.0240624926, 41.6438781226
B09-F11_15, 1275, 345.341, 37.0992, 41.9118, 11.0105674876, 41.6444834188
B09-F11_15, 1286, 649.222, 409.689, 31.2671, 11.0082236096, 41.6509273783
B09-F11_16, 1286, 24.2216, 409.689, 31.2671, 11.0082236096, 41.6509273783
B09-F11_18, 1278, 695.19, 315.436, 50.0, 11.0203675527, 41.6515360163
B09-F11_18, 1279, 564.615, 315.421, 46.0967, 11.0225846427, 41.6507981145
B09-F11_18, 1280, 419.762, 385.032, 61.7637, 11.0255706435, 41.6508628744
B09-F11_18, 1281, 410.164, 308.965, 28.75, 11.0251584077, 41.6498435399
B09-F11_19, 1278, 70.1895, 315.436, 50.0, 11.0203675527, 41.6515360163
B09-F11_19, 1286, 649.222, 9.689, 31.2671, 11.0082236096, 41.6509273783
B09-F11_20, 1286, 24.2216, 9.689, 31.2671, 11.0082236096, 41.6509273783
B09-F11_24, 1287, 176.85, 100.319, 22.5, 11.0093403129, 41.6580148506
B09-F11_25, 1198, 409.366, 317.39, 50.0, 11.0418991248, 41.6565633618
B09-F11_26, 1218, 392.689, 309.105, 25.0, 11.0315065698, 41.6598964848
B09-F12_1, 1269, 149.197, 18.3928, 21.5045, 10.985607341, 41.6342507576
B09-F12_1, 1308, 642.333, 432.474, 25.8898, 10.980365912, 41.6422907176
B09-F12_2, 1308, 17.3326, 432.474, 25.8898, 10.980365912, 41.6422907176
B09-F12_2, 1309, 220.328, 47.5941, 30.5613, 10.9740101232, 41.638554081
B09-F12_4, 1310, 708.596, 11.4809, 22.4228, 10.9442210383, 41.6479109574
B09-F12_5, 1308, 642.333, 32.4736, 25.8898, 10.980365912, 41.6422907176
B09-F12_6, 1308, 17.3326, 32.4736, 25.8898, 10.980365912, 41.6422907176
B09-F13_6, 519, 544.783, 257.086, 20.9559, 11.1554141336, 41.5470202368
B09-F13_9, 525, 509.939, 447.55, 24.6007, 11.1710583165, 41.5507840487
B09-F13_13, 525, 509.939, 47.5505, 24.6007, 11.1710583165, 41.5507840487
B09-F13_26, 470, 729.252, 288.759, 25.0, 11.1676255951, 41.5738401942
B09-F13_27, 470, 104.252, 288.759, 25.0, 11.1676255951, 41.5738401942
B09-F14_4, 543, 183.282, 348.517, 27.5986, 11.0977171503, 41.5616224335
B09-F14_4, 544, 451.858, 187.929, 43.4512, 11.0919506534, 41.5611008908
B09-F14_8, 542, 144.795, 327.831, 47.9033, 11.1012322866, 41.5662183876
B09-F14_15, 550, 516.532, 484.424, 75.0, 11.1127488452, 41.5769262351
B09-F14_15, 551, 662.915, 475.2, 35.0, 11.1101962573, 41.5776359704
B09-F14_16, 551, 37.9154, 475.2, 35.0, 11.1101962573, 41.5776359704
B09-F14_17, 549, 593.724, 98.1251, 22.5, 11.1327432238, 41.5704740781
B09-F14_19, 550, 516.532, 84.4241, 75.0, 11.1127488452, 41.5769262351
B09-F14_19, 551, 662.915, 75.2001, 35.0, 11.1101962573, 41.5776359704
B09-F14_20, 551, 37.9154, 75.2001, 35.0, 11.1101962573, 41.5776359704
B09-F14_20, 553, 208.947, 420.743, 23.75, 11.1099040105, 41.5829864118
B09-F14_20, 554, 709.29, 419.065, 28.1812, 11.1014033515, 41.5857906449
B09-F14_20, 562, 338.559, 122.313, 12.5, 11.1054522228, 41.5799316601
B09-F14_24, 553, 208.947, 20.7428, 23.75, 11.1099040105, 41.5829864118
B09-F14_24, 554, 709.29, 19.0653, 28.1812, 11.1014033515, 41.5857906449
B09-F14_24, 556, 398.468, 277.01, 87.5, 11.1086239303, 41.5873084853
B09-F14_27, 555, 522.288, 179.394, 41.8946, 11.1194097902, 41.5883143917
B09-F15_4, 581, 299.746, 88.1394, 20.0, 11.0534722503, 41.5723758611
B09-F15_6, 580, 710.875, 338.998, 21.5056, 11.0726139282, 41.5758977348
B09-F15_7, 580, 85.8745, 338.998, 21.5056, 11.0726139282, 41.5758977348
B09-F15_14, 576, 314.27, 356.88, 30.9478, 11.085517835, 41.5840345937
B09-F15_17, 554, 209.238, 420.474, 28.1812, 11.1014033515, 41.5857906449
B09-F15_17, 575, 374.929, 238.378, 55.1267, 11.0972169261, 41.5844169524
B09-F15_21, 554, 209.238, 20.4735, 28.1812, 11.1014033515, 41.5857906449
B09-F15_21, 585, 497.89, 433.987, 12.5, 11.0996321428, 41.5926683217
B09-F15_25, 585, 497.89, 33.987, 12.5, 11.0996321428, 41.5926683217
B09-F16_8, 1321, 369.631, 307.366, 33.6998, 11.0156555808, 41.5940281797
B09-F16_12, 1331, 592.961, 465.997, 31.25, 11.0160835831, 41.6023778492
B09-F16_16, 1331, 592.961, 65.9973, 31.25, 11.0160835831, 41.6023778492
B09-F16_27, 1238, 141.223, 457.354, 37.182, 11.0463776493, 41.6164881453
B09-F17_4, 1333, 112.555, 365.918, 22.5, 10.9771355508, 41.6016439152
B09-F17_4, 1349, 721.847, 460.781, 28.75, 10.967511772, 41.6062874483
B09-F17_8, 1349, 721.847, 60.7813, 28.75, 10.967511772, 41.6062874483
B09-F17_9, 1331, 93.38, 467.093, 31.25, 11.0160835831, 41.6023778492
B09-F17_13, 1331, 93.38, 67.0933, 31.25, 11.0160835831, 41.6023778492
B09-F17_13, 1338, 488.55, 344.82, 41.8255, 11.0114777695, 41.6081347087
B09-F17_14, 1334, 605.006, 120.856, 16.25, 10.9972035753, 41.6094825061
B09-F17_14, 1335, 707.873, 237.718, 22.1314, 10.9963408629, 41.6115463755
B09-F17_15, 1335, 82.8732, 237.718, 22.1314, 10.9963408629, 41.6115463755
B09-F17_15, 1340, 377.024, 326.092, 20.0, 10.9920165294, 41.614329252
B09-F17_16, 1336, 582.985, 186.716, 24.579, 10.9768601953, 41.6172533861
B09-F17_18, 1348, 166.051, 354.384, 33.1196, 11.0094402062, 41.6150404088
B09-F17_20, 1345, 198.858, 208.82, 32.5, 10.9865685847, 41.6204403929
B09-F17_21, 1341, 420.26, 233.076, 28.6508, 11.0178392806, 41.6164806365
B09-F17_21, 1342, 390.807, 295.25, 27.5, 11.0188091597, 41.6171029374
B09-F17_23, 1343, 626.342, 269.624, 16.25, 10.9934028607, 41.6251717636
B09-F17_23, 1344, 679.752, 272.137, 61.9074, 10.992515254, 41.6255053313
B09-F17_24, 1344, 54.7522, 272.137, 61.9074, 10.992515254, 41.6255053313
B09-F17_26, 1265, 398.524, 408.647, 25.0, 11.0119525543, 41.6271923629
B09-F17_27, 1266, 265.641, 405.846, 29.3968, 11.0035782514, 41.6299376294
B09-F17_28, 1268, 355.949, 435.209, 19.9363, 10.9916573269, 41.6343511148
B09-F17_28, 1269, 650.444, 296.217, 21.5045, 10.985607341, 41.6342507576
B09-F18_1, 1349, 222.302, 461.634, 28.75, 10.967511772, 41.6062874483
B09-F18_2, 1350, 365.268, 419.012, 16.25, 10.9541580248, 41.610085466
B09-F18_2, 1351, 381.263, 63.7658, 31.7831, 10.9512029049, 41.605668313
B09-F18_3, 1353, 630.059, 489.564, 22.5, 10.9395897883, 41.6160059272
B09-F18_4, 1353, 5.05926, 489.564, 22.5, 10.9395897883, 41.6160059272
B09-F18_4, 1366, 195.132, 292.087, 25.0, 10.934872282, 41.6145732617
B09-F18_5, 1349, 222.302, 61.6337, 28.75, 10.967511772, 41.6062874483
B09-F18_5, 1356, 469.532, 437.872, 23.2345, 10.9661599465, 41.6124579537
B09-F18_6, 1350, 365.268, 19.012, 16.25, 10.9541580248, 41.610085466
B09-F18_7, 1353, 630.059, 89.5638, 22.5, 10.9395897883, 41.6160059272
B09-F18_8, 1353, 5.05926, 89.5638, 22.5, 10.9395897883, 41.6160059272
B09-F18_9, 1356, 469.532, 37.8721, 23.2345, 10.9661599465, 41.6124579537
B09-F18_10, 1357, 266.853, 182.396, 114.528, 10.9600851135, 41.6166777693
B09-F18_12, 1358, 446.197, 130.415, 32.5881, 10.9354315066, 41.6240908434
B09-F18_13, 1336, 83.8722, 187.634, 24.579, 10.9768601953, 41.6172533861
B09-F18_14, 1363, 379.464, 445.872, 27.5, 10.9631882446, 41.625732052
B09-F18_18, 1362, 561.782, 159.826, 66.3013, 10.9609549322, 41.6282079554
B09-F18_18, 1363, 379.464, 45.872, 27.5, 10.9631882446, 41.625732052
B09-F18_22, 1360, 389.336, 115.334, 25.0, 10.9665694879, 41.6317441705
B09-F18_22, 1373, 452.431, 162.917, 35.5156, 10.9658581796, 41.6327044003
B09-F18_25, 1269, 151.943, 297.102, 21.5045, 10.985607341, 41.6342507576
B09-F18_26, 1309, 223.08, 326.141, 30.5613, 10.9740101232, 41.638554081
B09-F18_26, 1364, 211.131, 158.715, 26.25, 10.9729468852, 41.6363624145
B09-F18_28, 1310, 711.34, 289.62, 22.4228, 10.9442210383, 41.6479109574
B15-F01_1, 161, 556.28, 401.134, 17.5, 11.360430091, 41.8927097088
B15-F01_3, 163, 423.66, 319.819, 47.5, 11.3396012571, 41.8940220167
B15-F01_4, 165, 458.809, 103.7, 30.0, 11.3268053997, 41.8924897867
B15-F01_4, 166, 577.449, 447.153, 36.25, 11.3256196563, 41.8974587554
B15-F01_5, 161, 556.28, 1.13361, 17.5, 11.360430091, 41.8927097088
B15-F01_8, 166, 577.449, 47.1531, 36.25, 11.3256196563, 41.8974587554
B15-F01_9, 167, 421.317, 172.456, 22.5706, 11.3645864947, 41.9002533549
B15-F01_10, 169, 295.964, 316.838, 31.784, 11.3557995652, 41.9033203452
B15-F01_15, 171, 648.903, 125.189, 33.75, 11.3383822659, 41.908302834
B15-F01_16, 171, 23.903, 125.189, 33.75, 11.3383822659, 41.908302834
B15-F01_17, 172, 486.586, 152.523, 27.5, 11.3656633362, 41.9110958856
B15-F02_1, 166, 75.4128, 444.508, 36.25, 11.3256196563, 41.8974587554
B15-F02_2, 185, 640.214, 430.992, 17.5, 11.3036526012, 41.8998600708
B15-F02_2, 202, 378.166, 344.812, 17.7684, 11.3082305912, 41.8981085186
B15-F02_3, 185, 15.2142, 430.992, 17.5, 11.3036526012, 41.8998600708
B15-F02_5, 166, 75.4128, 44.508, 36.25, 11.3256196563, 41.8974587554
B15-F02_6, 185, 640.214, 30.9921, 17.5, 11.3036526012, 41.8998600708
B15-F02_6, 187, 500.294, 337.942, 20.0, 11.3071274353, 41.9037667816
B15-F02_7, 185, 15.2142, 30.9921, 17.5, 11.3036526012, 41.8998600708
B15-F02_8, 218, 164.378, 413.434, 22.7372, 11.2904992535, 41.9067873708
B15-F02_11, 188, 699.446, 473.772, 41.8475, 11.2934996078, 41.9129072039
B15-F02_11, 189, 644.777, 414.743, 28.146, 11.2943351974, 41.9119787533
B15-F02_11, 190, 520.661, 373.943, 19.4876, 11.2965041253, 41.911149604
B15-F02_12, 188, 74.4462, 473.772, 41.8475, 11.2934996078, 41.9129072039
B15-F02_12, 189, 19.7774, 414.743, 28.146, 11.2943351974, 41.9119787533
B15-F02_12, 218, 164.378, 13.4341, 22.7372, 11.2904992535, 41.9067873708
B15-F02_15, 188, 699.446, 73.7723, 41.8475, 11.2934996078, 41.9129072039
B15-F02_15, 189, 644.777, 14.7428, 28.146, 11.2943351974, 41.9119787533
B15-F02_15, 204, 305.8, 212.417, 12.5, 11.3011607968, 41.9139544139
B15-F02_16, 188, 74.4462, 73.7723, 41.8475, 11.2934996078, 41.9129072039
B15-F02_16, 189, 19.7774, 14.7428, 28.146, 11.2943351974, 41.9119787533
B15-F02_16, 193, 417.658, 449.771, 30.0, 11.2882689854, 41.9188101128
B15-F02_19, 191, 341.215, 354.116, 22.5, 11.3020890946, 41.9214623656
B15-F02_19, 210, 397.645, 371.153, 15.0, 11.3010984444, 41.9218186347
B15-F02_20, 192, 293.787, 106.837, 55.0, 11.2907191378, 41.9193241564
B15-F02_20, 193, 417.658, 49.7706, 30.0, 11.2882689854, 41.9188101128
B15-F02_21, 194, 244.82, 484.553, 20.0, 11.3284623247, 41.9258113997
B15-F02_25, 194, 244.82, 84.5531, 20.0, 11.3284623247, 41.9258113997
B15-F02_26, 195, 164.468, 298.981, 27.5, 11.3190472829, 41.9299377034
B15-F02_26, 1564, 676.502, 452.215, 28.75, 11.3101330698, 41.9331405493
B15-F02_27, 197, 560.928, 154.94, 47.9781, 11.2997919427, 41.9301816634
B15-F02_27, 1564, 51.502, 452.215, 28.75, 11.3101330698, 41.9331405493
B15-F02_28, 199, 120.876, 318.225, 21.25, 11.2968581887, 41.9328232282
B15-F03_2, 220, 474.398, 168.083, 31.25, 11.2621411806, 41.9009932768
B15-F03_2, 228, 487.823, 272.246, 25.0, 11.2621978126, 41.9024513386
B15-F03_3, 222, 498.68, 489.688, 20.0, 11.2511123292, 41.9068151769
B15-F03_3, 226, 596.275, 274.373, 52.9535, 11.2486854224, 41.9040732888
B15-F03_4, 862, 698.634, 394.743, 26.25, 11.235629189, 41.9073025681
B15-F03_5, 219, 543.275, 235.711, 15.0, 11.2737568566, 41.9061992659
B15-F03_7, 221, 318.859, 280.953, 22.5, 11.2549849724, 41.9090485305
B15-F03_7, 222, 498.68, 89.6884, 20.0, 11.2511123292, 41.9068151769
B15-F03_8, 223, 255.942, 273.036, 37.5, 11.2446007251, 41.9101600402
B15-F03_8, 224, 155.573, 313.08, 31.3163, 11.2465676752, 41.9104915819
B15-F03_8, 225, 191.012, 258.001, 18.75, 11.2457537795, 41.9098129016
B15-F03_8, 853, 713.54, 418.829, 20.0, 11.2365901591, 41.9131527341
B15-F03_8, 862, 698.634, -5.25734, 26.25, 11.235629189, 41.9073025681
B15-F03_11, 232, 172.41, 368.537, 63.852, 11.2591076234, 41.9154191391
B15-F03_12, 236, 117.786, 101.22, 73.868, 11.2478129356, 41.9129905265
B15-F03_12, 237, 372.775, 445.795, 26.25, 11.244117006, 41.9182708487
B15-F03_12, 853, 713.54, 18.8287, 20.0, 11.2365901591, 41.9131527341
B15-F03_13, 240, 386.377, 331.779, 19.0627, 11.279267942, 41.9181498387
B15-F03_14, 231, 292.817, 216.835, 22.9703, 11.2691348931, 41.9177287654
B15-F03_14, 233, 484.295, 230.888, 17.002, 11.2656459841, 41.9183377356
B15-F03_16, 237, 372.775, 45.7947, 26.25, 11.244117006, 41.9182708487
B15-F03_20, 262, 297.82, 120.37, 25.7516, 11.246883027, 41.9246185622
B15-F03_22, 246, 163.881, 427.083, 39.5267, 11.2744642968, 41.9313066501
B15-F03_23, 249, 122.939, 442.205, 31.3, 11.2637388537, 41.9327837114
B15-F03_25, 245, 682.989, 101.179, 50.3773, 11.2766334545, 41.9320927723
B15-F03_26, 245, 57.9891, 101.179, 50.3773, 11.2766334545, 41.9320927723
B15-F03_26, 246, 163.881, 27.0831, 39.5267, 11.2744642968, 41.9313066501
B15-F03_26, 248, 492.205, 151.33, 34.4939, 11.2687733405, 41.9337248656
B15-F03_26, 1594, 260.515, 377.32, 52.4712, 11.273904792, 41.9366148114
B15-F03_27, 249, 122.939, 42.2047, 31.3, 11.2637388537, 41.9327837114
B15-F03_28, 250, 273.126, 136.481, 38.812, 11.2497193494, 41.9357605571
B15-F04_1, 862, 154.607, 398.691, 26.25, 11.235629189, 41.9073025681
B15-F04_2, 863, 173.026, 12.4793, 18.75, 11.2226416125, 41.9034038172
B15-F04_5, 849, 394.987, 247.034, 36.25, 11.2319243001, 41.9112321022
B15-F04_5, 853, 169.734, 422.769, 20.0, 11.2365901591, 41.9131527341
B15-F04_5, 854, 201.525, 438.155, 18.75, 11.2360491153, 41.9134329486
B15-F04_5, 862, 154.607, -1.30892, 26.25, 11.235629189, 41.9073025681
B15-F04_7, 865, 119.678, 336.884, 37.4928, 11.2142194492, 41.9145831959
B15-F04_8, 869, 552.271, 311.283, 42.771, 11.1946477998, 41.9165276037
B15-F04_9, 850, 226.686, 251.818, 32.2161, 11.2362099967, 41.9164186032
B15-F04_9, 851, 648.131, 430.605, 42.0604, 11.2289632655, 41.9197877901
B15-F04_9, 852, 381.859, 115.299, 41.05, 11.2329503877, 41.9148834666
B15-F04_9, 853, 169.734, 22.7693, 20.0, 11.2365901591, 41.9131527341
B15-F04_9, 854, 201.525, 38.1546, 18.75, 11.2360491153, 41.9134329486
B15-F04_10, 851, 23.1311, 430.605, 42.0604, 11.2289632655, 41.9197877901
B15-F04_13, 851, 648.131, 30.6048, 42.0604, 11.2289632655, 41.9197877901
B15-F04_13, 856, 530.679, 416.248, 21.4437, 11.232255848, 41.9248224359
B15-F04_14, 851, 23.1311, 30.6048, 42.0604, 11.2289632655, 41.9197877901
B15-F04_15, 855, 214.366, 103.048, 13.75, 11.2141265426, 41.9225554928
B15-F04_16, 858, 131.444, 306.293, 25.26, 11.2047250483, 41.9265206935
B15-F04_17, 856, 530.679, 16.248, 21.4437, 11.232255848, 41.9248224359
B15-F04_17, 857, 556.619, 480.962, 23.75, 11.2331362018, 41.9312535761
B15-F04_20, 859, 315.324, 128.946, 37.5, 11.2019840423, 41.9299741929
B15-F04_21, 857, 556.619, 80.9623, 23.75, 11.2331362018, 41.9312535761
B15-F04_25, 860, 657.219, 376.897, 34.9932, 11.2333160867, 41.9410188747
B15-F04_26, 860, 32.2191, 376.897, 34.9932, 11.2333160867, 41.9410188747
B15-F05_5, 869, 50.9327, 308.561, 42.771, 11.1946477998, 41.9165276037
B15-F05_5, 919, 508.316, 132.745, 25.0, 11.1857022935, 41.9151108066
B15-F05_5, 920, 523.108, 407.652, 31.25, 11.1862330105, 41.9189140312
B15-F05_7, 901, 680.019, 421.785, 32.3672, 11.1603361362, 41.922164583
B15-F05_8, 901, 55.0185, 421.785, 32.3672, 11.1603361362, 41.922164583
B15-F05_9, 920, 523.108, 7.65236, 31.25, 11.1862330105, 41.9189140312
B15-F05_11, 901, 680.019, 21.7854, 32.3672, 11.1603361362, 41.922164583
B15-F05_12, 901, 55.0185, 21.7854, 32.3672, 11.1603361362, 41.922164583
B15-F05_12, 912, 609.378, 475.027, 25.0, 11.1514364902, 41.9295851721
B15-F05_13, 902, 341.264, 416.775, 32.3672, 11.1919510702, 41.9296176285
B15-F05_13, 903, 313.294, 471.185, 20.0, 11.1926259033, 41.9303031409
B15-F05_13, 904, 453.14, 321.983, 47.5, 11.1896111148, 41.9285607
B15-F05_16, 912, 609.378, 75.0272, 25.0, 11.1514364902, 41.9295851721
B15-F05_17, 902, 341.264, 16.7751, 32.3672, 11.1919510702, 41.9296176285
B15-F05_17, 903, 313.294, 71.1851, 20.0, 11.1926259033, 41.9303031409
B15-F05_20, 905, 395.435, 382.901, 17.5, 11.1574462736, 41.9388318736
B15-F05_26, 906, 371.127, 413.603, 16.25, 11.1833740802, 41.9474594265
B15-F06_1, 925, 502.54, 112.611, 18.75, 11.1407819702, 41.9144350138
B15-F06_2, 926, 577.396, 206.962, 30.8819, 11.1281559021, 41.9172503821
B15-F06_4, 927, 684.257, 176.743, 21.032, 11.103052498, 41.9197807566
B15-F06_8, 935, 118.685, 98.3356, 38.8565, 11.114417646, 41.9229655978
B15-F06_9, 912, 109.643, 479.358, 25.0, 11.1514364902, 41.9295851721
B15-F06_13, 912, 109.643, 79.3579, 25.0, 11.1514364902, 41.9295851721
B15-F06_16, 930, 226.347, 260.232, 28.0428, 11.1152384389, 41.9363947956
B15-F06_28, 932, 609.409, 250.694, 25.899, 11.1116465426, 41.9535571772
B15-F07_2, 276, 325.705, 286.306, 22.4812, 11.3450246217, 41.8552919299
B15-F07_2, 277, 421.414, 74.0018, 24.817, 11.3426425929, 41.8525875561
B15-F07_3, 278, 238.794, 203.274, 35.0, 11.3348722205, 41.8553218378
B15-F07_5, 281, 546.103, 407.879, 37.5, 11.3539989591, 41.8615671416
B15-F07_8, 279, 103.881, 232.006, 48.6139, 11.3270950958, 41.862267204
B15-F07_9, 281, 546.103, 7.87852, 37.5, 11.3539989591, 41.8615671416
B15-F07_11, 284, 638.427, 204.409, 34.4982, 11.329846692, 41.8671795711
B15-F07_12, 283, 375.52, 344.684, 47.6415, 11.3235851155, 41.8698897324
B15-F07_12, 284, 13.4269, 204.409, 34.4982, 11.329846692, 41.8671795711
B15-F07_17, 285, 135.46, 174.121, 18.75, 11.3643858495, 41.873928192
B15-F07_22, 287, 630.159, 294.959, 35.0, 11.3452781246, 41.8835078705
B15-F07_23, 287, 5.15881, 294.959, 35.0, 11.3452781246, 41.8835078705
B15-F07_23, 288, 370.43, 197.876, 18.75, 11.3382645211, 41.8829697102
B15-F07_24, 289, 312.481, 157.057, 21.25, 11.3276971101, 41.8836409631
B15-F07_28, 165, 459.249, 378.877, 30.0, 11.3268053997, 41.8924897867
B15-F08_1, 303, 384.705, 455.346, 43.75, 11.3121433451, 41.8615802555
B15-F08_5, 303, 384.705, 55.3461, 43.75, 11.3121433451, 41.8615802555
B15-F08_11, 312, 654.09, 472.694, 27.381, 11.2865392746, 41.8760939503
B15-F08_12, 305, 155.257, 491.493, 30.0, 11.2842695919, 41.8766257091
B15-F08_12, 312, 29.0902, 472.694, 27.381, 11.2865392746, 41.8760939503
B15-F08_15, 312, 654.09, 72.6936, 27.381, 11.2865392746, 41.8760939503
B15-F08_16, 305, 155.257, 91.493, 30.0, 11.2842695919, 41.8766257091
B15-F08_16, 312, 29.0902, 72.6936, 27.381, 11.2865392746, 41.8760939503
B15-F08_18, 306, 398.762, 422.004, 18.8029, 11.3049452733, 41.8844606012
B15-F08_22, 306, 398.762, 22.0038, 18.8029, 11.3049452733, 41.8844606012
B15-F08_22, 310, 705.476, 347.693, 22.5, 11.300244454, 41.8895949497
B15-F08_23, 310, 80.4761, 347.693, 22.5, 11.300244454, 41.8895949497
B15-F08_26, 308, 269.973, 141.474, 31.7372, 11.3088354476, 41.8913065124
B15-F09_2, 315, 153.577, 82.6613, 25.0, 11.2600013671, 41.8624242833
B15-F09_3, 316, 475.871, 298.939, 29.2303, 11.2431827949, 41.8674489235
B15-F09_3, 317, 459.371, 146.405, 35.0, 11.2430420863, 41.8653206286
B15-F09_8, 318, 527.653, 133.655, 32.5, 11.2313989771, 41.8721374358
B15-F09_10, 319, 520.814, 248.298, 30.3578, 11.2560545322, 41.8764687917
B15-F09_12, 320, 416.674, 458.93, 38.75, 11.2355568128, 41.8818463012
B15-F09_12, 321, 401.955, 213.84, 25.0, 11.2351137967, 41.8784521318
B15-F09_15, 324, 121.959, 474.253, 49.0663, 11.2537145816, 41.8855469177
B15-F09_16, 320, 416.674, 58.9305, 38.75, 11.2355568128, 41.8818463012
B15-F09_16, 322, 509.062, 216.69, 17.5, 11.2343141989, 41.884210946
B15-F09_17, 323, 329.883, 408.321, 25.0, 11.2738916538, 41.8878638684
B15-F09_19, 324, 121.959, 74.2528, 49.0663, 11.2537145816, 41.8855469177
B15-F09_19, 325, 513.043, 460.206, 30.4541, 11.2476341289, 41.8916908913
B15-F09_19, 334, 210.895, 125.02, 22.5, 11.2522239588, 41.8864365527
B15-F09_21, 323, 329.883, 8.32145, 25.0, 11.2738916538, 41.8878638684
B15-F09_21, 326, 655.073, 454.692, 47.2899, 11.2692037649, 41.8946943656
B15-F09_22, 326, 30.0733, 454.692, 47.2899, 11.2692037649, 41.8946943656
B15-F09_23, 325, 513.043, 60.2061, 30.4541, 11.2476341289, 41.8916908913
B15-F09_23, 329, 98.3044, 342.726, 36.0592, 11.2561015648, 41.8946655519
B15-F09_24, 330, 598.326, 242.397, 66.25, 11.2350756494, 41.8957319743
B15-F09_25, 326, 655.073, 54.6922, 47.2899, 11.2692037649, 41.8946943656
B15-F09_25, 327, 289.89, 105.182, 35.0, 11.2760809845, 41.8945924629
B15-F09_26, 220, 474.911, 443.362, 31.25, 11.2621411806, 41.9009932768
B15-F09_26, 326, 30.0733, 54.6922, 47.2899, 11.2692037649, 41.8946943656
B15-F09_26, 328, 432.617, 199.22, 81.25, 11.2622075911, 41.8975522664
B15-F10_1, 945, 186.998, 24.5698, 114.675, 11.226029252, 41.8655410481
B15-F10_1, 946, 283.23, 152.521, 17.5, 11.2246303762, 41.8675055397
B15-F10_2, 947, 488.148, 188.074, 21.7369, 11.2094462504, 41.8697973841
B15-F10_4, 948, 541.731, 443.094, 33.5357, 11.1861739164, 41.8761255996
B15-F10_4, 949, 231.894, 108.837, 31.6318, 11.1909083689, 41.8708679886
B15-F10_5, 951, 200.379, 351.498, 18.78, 11.2279064306, 41.8755417471
B15-F10_7, 950, 657.522, 213.149, 26.0428, 11.196051245, 41.8773536303
B15-F10_8, 948, 541.731, 43.0935, 33.5357, 11.1861739164, 41.8761255996
B15-F10_8, 950, 32.5219, 213.149, 26.0428, 11.196051245, 41.8773536303
B15-F10_9, 953, 409.437, 431.199, 28.17, 11.2254563769, 41.882576813
B15-F10_13, 952, 380.103, 212.544, 37.56, 11.22652673, 41.8850005946
B15-F10_13, 953, 409.437, 31.1989, 28.17, 11.2254563769, 41.882576813
B15-F10_18, 956, 170.267, 439.983, 30.0, 11.2207096633, 41.8945104548
B15-F10_18, 957, 648.313, 323.695, 22.195, 11.2115604675, 41.8939543945
B15-F10_19, 957, 23.3127, 323.695, 22.195, 11.2115604675, 41.8939543945
B15-F10_19, 958, 668.763, 385.925, 45.2554, 11.1998470419, 41.8962100169
B15-F10_19, 973, 271.841, 370.834, 52.0633, 11.2071179901, 41.8951409985
B15-F10_20, 958, 43.7631, 385.925, 45.2554, 11.1998470419, 41.8962100169
B15-F10_21, 330, 48.61, 247.453, 66.25, 11.2350756494, 41.8957319743
B15-F10_22, 956, 170.267, 39.9826, 30.0, 11.2207096633, 41.8945104548
B15-F10_22, 962, 330.157, 380.985, 150.0, 11.2187591473, 41.8995358504
B15-F10_24, 981, 190.005, 348.983, 27.5, 11.1982106898, 41.9015079918
B15-F10_25, 959, 183.505, 149.326, 35.0, 11.2334724466, 41.9001664699
B15-F10_26, 863, 168.265, 288.619, 18.75, 11.2226416125, 41.9034038172
B15-F10_26, 961, 269.168, 152.667, 61.674, 11.2203847002, 41.9017583111
B15-F11_1, 948, 44.2189, 439.749, 33.5357, 11.1861739164, 41.8761255996
B15-F11_1, 987, 586.408, 412.611, 16.25, 11.1761058955, 41.8769326644
B15-F11_1, 1038, 651.911, 428.512, 31.25, 11.174945527, 41.8772931969
B15-F11_2, 988, 109.992, 436.422, 33.2731, 11.1734379795, 41.877582325
B15-F11_2, 1038, 26.9112, 428.512, 31.25, 11.174945527, 41.8772931969
B15-F11_3, 993, 244.619, 321.373, 35.6068, 11.1591070192, 41.8776545815
B15-F11_3, 997, 531.683, 207.948, 20.0, 11.1534873962, 41.8767218495
B15-F11_4, 998, 636.612, 471.575, 23.788, 11.1408067247, 41.8819221041
B15-F11_4, 1002, 569.73, 482.789, 22.5, 11.1420717498, 41.8819308888
B15-F11_5, 948, 44.2189, 39.7489, 33.5357, 11.1861739164, 41.8761255996
B15-F11_5, 987, 586.408, 12.6113, 16.25, 11.1761058955, 41.8769326644
B15-F11_5, 1038, 651.911, 28.5115, 31.25, 11.174945527, 41.8772931969
B15-F11_6, 988, 109.992, 36.4217, 33.2731, 11.1734379795, 41.877582325
B15-F11_6, 991, 460.561, 292.057, 37.5, 11.1677252259, 41.8818510113
B15-F11_6, 1038, 26.9112, 28.5115, 31.25, 11.174945527, 41.8772931969
B15-F11_7, 994, 256.244, 228.338, 22.5, 11.1597881695, 41.881890784
B15-F11_8, 998, 636.612, 71.5754, 23.788, 11.1408067247, 41.8819221041
B15-F11_8, 1002, 569.73, 82.7892, 22.5, 11.1420717498, 41.8819308888
B15-F11_9, 1006, 324.145, 398.61, 55.0, 11.1832340443, 41.8871442294
B15-F11_9, 1007, 526.761, 325.937, 16.25, 11.1792883111, 41.8865880658
B15-F11_12, 1017, 516.912, 356.123, 30.0, 11.1450068716, 41.8910534192
B15-F11_14, 1011, 517.666, 153.979, 42.5, 11.1686050888, 41.8910552271
B15-F11_15, 1031, 570.088, 394.309, 18.75, 11.1568225179, 41.8958235477
B15-F11_17, 1020, 327.466, 389.659, 33.3774, 11.1854848171, 41.8980026126
B15-F11_17, 1021, 723.279, 229.194, 57.5, 11.1777214672, 41.896662402
B15-F11_18, 1021, 98.2785, 229.194, 57.5, 11.1777214672, 41.896662402
B15-F11_22, 1037, 356.53, 316.366, 22.5, 11.1743850284, 41.9039067628
B15-F12_1, 998, 135.134, 476.104, 23.788, 11.1408067247, 41.8819221041
B15-F12_1, 1002, 68.2576, 487.352, 22.5, 11.1420717498, 41.8819308888
B15-F12_1, 1041, 547.728, 274.591, 21.25, 11.1326162768, 41.8800552461
B15-F12_1, 1045, 392.734, 155.14, 25.0886, 11.1351229945, 41.8780796259
B15-F12_2, 1042, 128.741, 384.781, 22.5, 11.1291423559, 41.882014691
B15-F12_2, 1043, 115.569, 263.347, 32.5, 11.129030492, 41.880320263
B15-F12_2, 1049, 489.328, 2.95078, 28.2059, 11.1213842818, 41.8775604423
B15-F12_5, 998, 135.134, 76.1037, 23.788, 11.1408067247, 41.8819221041
B15-F12_5, 1002, 68.2576, 87.3516, 22.5, 11.1420717498, 41.8819308888
B15-F12_5, 1053, 314.217, 370.162, 27.5, 11.1383663613, 41.8863454277
B15-F12_7, 1050, 651.5, 150.747, 16.25, 11.1084780767, 41.8867845176
B15-F12_8, 1050, 26.4999, 150.747, 16.25, 11.1084780767, 41.8867845176
B15-F12_9, 1017, 15.7839, 360.712, 30.0, 11.1450068716, 41.8910534192
B15-F12_9, 1052, 445.809, 233.073, 30.0, 11.13670978, 41.8902381363
B15-F12_25, 925, 503.148, 387.928, 18.75, 11.1407819702, 41.9144350138
B15-F12_26, 926, 578.012, 482.216, 30.8819, 11.1281559021, 41.9172503821
B15-F12_28, 927, 684.87, 451.873, 21.032, 11.103052498, 41.9197807566
B15-F13_12, 351, 675.259, 286.46, 23.6573, 11.3101074465, 41.8330412266
B15-F13_16, 341, 436.621, 131.406, 27.5, 11.3152144248, 41.8358838233
B15-F13_26, 277, 421.614, 349.333, 24.817, 11.3426425929, 41.8525875561
B15-F13_27, 278, 239.006, 478.565, 35.0, 11.3348722205, 41.8553218378
B15-F14_1, 357, 560.561, 257.768, 26.25, 11.3005216478, 41.8225523887
B15-F14_1, 359, 678.809, 470.602, 38.2771, 11.2989658819, 41.8257290544
B15-F14_2, 358, 115.071, 211.38, 28.8671, 11.297081945, 41.8223063098
B15-F14_2, 359, 53.809, 470.602, 38.2771, 11.2989658819, 41.8257290544
B15-F14_2, 360, 686.657, 10.0113, 32.2515, 11.2859732506, 41.8207859531
B15-F14_3, 360, 61.6572, 10.0113, 32.2515, 11.2859732506, 41.8207859531
B15-F14_5, 359, 678.809, 70.6017, 38.2771, 11.2989658819, 41.8257290544
B15-F14_5, 363, 612.967, 379.657, 42.8725, 11.3010797589, 41.8298254025
B15-F14_6, 359, 53.809, 70.6017, 38.2771, 11.2989658819, 41.8257290544
B15-F14_9, 351, 170.887, 284.188, 23.6573, 11.3101074465, 41.8330412266
B15-F14_9, 362, 345.458, 433.464, 57.5, 11.3073293518, 41.8354687108
B15-F14_10, 364, 565.957, 233.677, 42.5, 11.2911796509, 41.8345663068
B15-F14_13, 362, 345.458, 33.464, 57.5, 11.3073293518, 41.8354687108
B15-F14_14, 365, 434.548, 137.57, 35.0, 11.2944855065, 41.8384494929
B15-F14_15, 385, 171.432, 332.384, 26.043, 11.2883903283, 41.8419082473
B15-F14_17, 366, 660.838, 192.273, 18.75, 11.3031538903, 41.8438201441
B15-F14_18, 366, 35.8378, 192.273, 18.75, 11.3031538903, 41.8438201441
B15-F14_21, 371, 489.47, 268.811, 28.726, 11.3077009662, 41.8499843144
B15-F15_1, 390, 428.105, 281.316, 68.75, 11.2592295517, 41.8276873836
B15-F15_6, 391, 307.536, 147.811, 40.0, 11.2507205958, 41.8324397164
B15-F15_12, 407, 146.296, 265.108, 25.0, 11.2321819259, 41.8419006502
B15-F15_12, 1078, 692.662, 276.475, 40.0, 11.2221540235, 41.8432419867
B15-F15_19, 398, 641.739, 415.424, 51.3677, 11.2373371993, 41.8546560194
B15-F15_20, 398, 16.7393, 415.424, 51.3677, 11.2373371993, 41.8546560194
B15-F15_23, 398, 641.739, 15.424, 51.3677, 11.2373371993, 41.8546560194
B15-F15_24, 398, 16.7393, 15.424, 51.3677, 11.2373371993, 41.8546560194
B15-F15_26, 315, 153.845, 358.006, 25.0, 11.2600013671, 41.8624242833
B15-F15_27, 317, 459.645, 421.666, 35.0, 11.2430420863, 41.8653206286
B15-F16_2, 1075, 194.676, 100.787, 25.0, 11.2067948383, 41.831262256
B15-F16_9, 1078, 140.98, 281.697, 40.0, 11.2221540235, 41.8432419867
B15-F16_13, 1082, 644.386, 429.972, 36.4332, 11.2144850606, 41.8518579985
B15-F16_14, 1082, 19.3863, 429.972, 36.4332, 11.2144850606, 41.8518579985
B15-F16_15, 1084, 216.986, 348.452, 35.0, 11.1990979079, 41.8525276311
B15-F16_16, 1087, 521.182, 373.862, 25.0, 11.1820586499, 41.8548933966
B15-F16_17, 1082, 644.386, 29.9721, 36.4332, 11.2144850606, 41.8518579985
B15-F16_18, 1082, 19.3863, 29.9721, 36.4332, 11.2144850606, 41.8518579985
B15-F16_24, 1093, 541.129, 323.638, 75.0, 11.1838754791, 41.8652223662
B15-F16_25, 945, 187.294, 299.963, 114.675, 11.226029252, 41.8655410481
B15-F16_25, 946, 283.538, 427.906, 17.5, 11.2246303762, 41.8675055397
B15-F16_26, 947, 488.459, 463.384, 21.7369, 11.2094462504, 41.8697973841
B15-F16_28, 949, 232.198, 384.056, 31.6318, 11.1909083689, 41.8708679886
B15-F16_28, 1103, 705.737, 218.734, 20.0, 11.1817029064, 41.8696277423
B15-F17_4, 1105, 311.819, 284.633, 26.5496, 11.1384578618, 41.8419530432
B15-F17_4, 1106, 107.056, 24.1927, 40.0, 11.141469767, 41.8379359373
B15-F17_7, 1104, 127.875, 261.837, 25.0, 11.1544532891, 41.8453715165
B15-F17_7, 1111, 225.71, 416.729, 23.6362, 11.1531032573, 41.8477088227
B15-F17_8, 1112, 669.351, 367.747, 26.6828, 11.1332804927, 41.8493561407
B15-F17_10, 1109, 682.684, 350.556, 16.8499, 11.1571711009, 41.8519232498
B15-F17_10, 1135, 424.087, 109.024, 25.0, 11.1612288214, 41.848048066
B15-F17_11, 1109, 57.6838, 350.556, 16.8499, 11.1571711009, 41.8519232498
B15-F17_11, 1111, 225.71, 16.7293, 23.6362, 11.1531032573, 41.8477088227
B15-F17_11, 1113, 719.882, 468.628, 20.0, 11.1453195544, 41.8549809986
B15-F17_12, 1113, 94.8822, 468.628, 20.0, 11.1453195544, 41.8549809986
B15-F17_12, 1141, 184.431, 318.409, 20.0, 11.1432325528, 41.8531146167
B15-F17_13, 1087, 22.9171, 370.739, 25.0, 11.1820586499, 41.8548933966
B15-F17_13, 1118, 448.039, 406.793, 25.0, 11.1743345892, 41.8563129786
B15-F17_14, 1110, 315.847, 213.127, 40.46, 11.1646931043, 41.854727961
B15-F17_15, 1108, 338.67, 207.671, 32.5, 11.1527459609, 41.8560606947
B15-F17_15, 1113, 719.882, 68.6283, 20.0, 11.1453195544, 41.8549809986
B15-F17_16, 1113, 94.8822, 68.6283, 20.0, 11.1453195544, 41.8549809986
B15-F17_16, 1121, 693.699, 481.759, 37.0173, 11.1354935956, 41.861947808
B15-F17_16, 1124, 404.621, 467.193, 43.75, 11.1407759477, 41.8611208278
B15-F17_17, 1118, 448.039, 6.79254, 25.0, 11.1743345892, 41.8563129786
B15-F17_17, 1120, 335.526, 195.145, 34.7537, 11.1769569304, 41.8586519165
B15-F17_18, 1136, 618.619, 428.738, 27.5, 11.1609130045, 41.8638308249
B15-F17_20, 1121, 693.699, 81.759, 37.0173, 11.1354935956, 41.861947808
B15-F17_20, 1124, 404.621, 67.1926, 43.75, 11.1407759477, 41.8611208278
B15-F17_21, 1093, 43.2454, 320.504, 75.0, 11.1838754791, 41.8652223662
B15-F17_21, 1117, 654.319, 100.29, 49.7457, 11.171976507, 41.8635312027
B15-F17_21, 1127, 283.14, 482.218, 25.0, 11.1799292862, 41.867962772
B15-F17_21, 1128, 398.424, 236.084, 30.0, 11.1770865972, 41.8648373109
B15-F17_22, 1117, 29.319, 100.29, 49.7457, 11.171976507, 41.8635312027
B15-F17_22, 1129, 258.453, 414.135, 27.5, 11.1686723113, 41.8683346884
B15-F17_22, 1136, 618.619, 28.7378, 27.5, 11.1609130045, 41.8638308249
B15-F17_22, 1145, 184.91, 277.756, 20.0, 11.1696288005, 41.8663039783
B15-F17_24, 1122, 342.879, 172.201, 43.75, 11.1433848547, 41.8679146971
B15-F17_25, 1103, 208.003, 215.517, 20.0, 11.1817029064, 41.8696277423
B15-F17_25, 1127, 283.14, 82.2185, 25.0, 11.1799292862, 41.867962772
B15-F17_26, 1129, 258.453, 14.1354, 27.5, 11.1686723113, 41.8683346884
B15-F17_27, 997, 532.03, 483.191, 20.0, 11.1534873962, 41.8767218495
B15-F17_27, 1137, 708.502, 196.908, 22.5, 11.1494012564, 41.8731778381
B15-F17_28, 1137, 83.502, 196.908, 22.5, 11.1494012564, 41.8731778381
B15-F18_1, 1148, 429.497, 316.969, 18.75, 11.1271110578, 41.8436794725
B15-F18_2, 1149, 242.14, 132.691, 18.75, 11.1185147228, 41.842103066
B15-F18_5, 1112, 166.693, 372.47, 26.6828, 11.1332804927, 41.8493561407
B15-F18_6, 1150, 567.491, 254.119, 91.396, 11.1140445052, 41.8499629169
B15-F18_9, 1151, 704.457, 342.129, 51.25, 11.1244563875, 41.8555965829
B15-F18_10, 1151, 79.4568, 342.129, 51.25, 11.1244563875, 41.8555965829
B15-F18_13, 1121, 191.507, 486.469, 37.0173, 11.1354935956, 41.861947808
B15-F18_13, 1153, 239.896, 123.57, 50.0, 11.1335421524, 41.857075078
B15-F18_14, 1152, 298.468, 128.22, 37.5, 11.1209658952, 41.8586254627
B15-F18_15, 1156, 702.972, 263.843, 50.0, 11.1023989811, 41.8627222895
B15-F18_16, 1156, 77.9724, 263.843, 50.0, 11.1023989811, 41.8627222895
B15-F18_17, 1121, 191.507, 86.4693, 37.0173, 11.1354935956, 41.861947808
B15-F18_18, 1166, 195.293, 237.062, 39.2435, 11.1243516513, 41.8653812802
B15-F18_19, 1157, 454.277, 190.651, 26.5404, 11.1079328572, 41.8666655029
B15-F18_19, 1158, 316.898, 459.785, 46.4525, 11.1112485168, 41.8700591076
B15-F18_19, 1159, 208.693, 287.099, 29.8603, 11.1127380598, 41.8674551566
B15-F18_21, 1176, 626.414, 293.192, 25.5293, 11.1292550651, 41.8712166462
B15-F18_23, 1158, 316.898, 59.7852, 46.4525, 11.1112485168, 41.8700591076
B15-F18_24, 1161, 300.596, 489.924, 41.9118, 11.1012888255, 41.8772815186
B15-F18_25, 1045, 393.108, 430.504, 25.0886, 11.1351229945, 41.8780796259
B15-F18_26, 1049, 489.688, 278.25, 28.2059, 11.1213842818, 41.8775604423
B15-F18_28, 1161, 300.596, 89.9243, 41.9118, 11.1012888255, 41.8772815186
B16-F12_20, 285, 582.341, 199.99, 18.75, 11.3643858495, 41.873928192
B17-F04_1, 1448, 716.576, 416.395, 42.228, 11.3372878841, 42.0080608797
B17-F04_2, 1448, 91.5757, 416.395, 42.228, 11.3372878841, 42.0080608797
B17-F04_2, 1449, 343.938, 196.043, 26.25, 11.3319861658, 42.0055871813
B17-F04_4, 1451, 180.263, 479.591, 28.7449, 11.312765302, 42.0118361147
B17-F04_5, 1448, 716.576, 16.3949, 42.228, 11.3372878841, 42.0080608797
B17-F04_6, 1448, 91.5757, 16.3949, 42.228, 11.3372878841, 42.0080608797
B17-F04_7, 1450, 381.351, 135.752, 15.0, 11.3207535203, 42.0116860272
B17-F04_8, 1451, 180.263, 79.5911, 28.7449, 11.312765302, 42.0118361147
B17-F04_11, 1452, 709.629, 446.744, 31.3173, 11.3167709787, 42.0221512192
B17-F04_12, 1452, 84.6285, 446.744, 31.3173, 11.3167709787, 42.0221512192
B17-F04_12, 1453, 596.701, 448.175, 17.5, 11.3073220428, 42.0232823048
B17-F04_15, 1452, 709.629, 46.7442, 31.3173, 11.3167709787, 42.0221512192
B17-F04_16, 1452, 84.6285, 46.7442, 31.3173, 11.3167709787, 42.0221512192
B17-F04_16, 1453, 596.701, 48.1751, 17.5, 11.3073220428, 42.0232823048
B17-F04_19, 1455, 257.322, 356.735, 47.8993, 11.327195989, 42.0309072799
B17-F05_3, 1477, 334.258, 57.4882, 31.25, 11.2763250545, 42.0102221717
B17-F05_8, 1487, 138.512, 133.248, 55.2671, 11.2697914302, 42.0176799437
B17-F05_9, 1453, 93.9651, 445.696, 17.5, 11.3073220428, 42.0232823048
B17-F05_12, 1478, 160.397, 109.539, 50.2087, 11.2704866941, 42.0228889066
B17-F05_13, 1453, 93.9651, 45.6961, 17.5, 11.3073220428, 42.0232823048
B17-F05_22, 1482, 433.863, 388.28, 21.91, 11.2928418144, 42.0410503895
B17-F05_25, 1480, 495.503, 422.307, 45.1731, 11.3045163158, 42.0457780496
B17-F05_26, 1481, 396.394, 398.936, 20.0, 11.2947359548, 42.0466015071
B17-F05_28, 1484, 453.666, 464.04, 44.2428, 11.2707826881, 42.0503347639
B17-F06_2, 1494, 268.317, 140.955, 33.3535, 11.2455379586, 42.0150092226
B17-F09_4, 1511, 632.823, 73.9011, 26.5897, 11.3401585588, 41.965351566
B17-F09_16, 1536, 648.066, 206.847, 30.8529, 11.3437668639, 41.9836690501
B17-F10_1, 1511, 85.657, 78.3549, 26.5897, 11.3401585588, 41.965351566
B17-F10_1, 1512, 265.423, 97.5522, 22.5, 11.3368991149, 41.9660061012
B17-F10_2, 1513, 241.672, 417.23, 24.8694, 11.326744011, 41.9716987689
B17-F10_4, 1515, 440.809, 244.454, 26.882, 11.2995072649, 41.9724766506
B17-F10_4, 1532, 128.877, 190.916, 34.43, 11.3051052408, 41.9710652211
B17-F10_5, 1516, 565.02, 408.544, 24.6025, 11.3334531622, 41.9764101494
B17-F10_6, 1513, 241.672, 17.2296, 24.8694, 11.326744011, 41.9716987689
B17-F10_7, 1528, 216.499, 254.513, 23.75, 11.3163725706, 41.9762572742
B17-F10_9, 1516, 565.02, 8.54424, 24.6025, 11.3334531622, 41.9764101494
B17-F10_9, 1517, 542.192, 292.569, 25.7601, 11.3347053609, 41.9802562775
B17-F10_11, 1521, 559.089, 484.304, 34.8194, 11.3118921832, 41.9856402663
B17-F10_13, 1519, 640.195, 243.726, 31.671, 11.3339249038, 41.985286074
B17-F10_13, 1536, 101.596, 211.293, 30.8529, 11.3437668639, 41.9836690501
B17-F10_14, 1519, 15.1945, 243.726, 31.671, 11.3339249038, 41.985286074
B17-F10_15, 1521, 559.089, 84.3042, 34.8194, 11.3118921832, 41.9856402663
B17-F10_18, 1523, 618.708, 315.168, 44.5033, 11.3241685204, 41.9930651115
B17-F10_22, 1522, 242.64, 148.875, 42.8763, 11.3317917267, 41.9954529577
B17-F10_24, 1524, 410.437, 288.12, 31.25, 11.3060346174, 42.0004440161
B17-F10_26, 1449, 345.129, 471.226, 26.25, 11.3319861658, 42.0055871813
B17-F11_1, 1546, 262.753, 70.3935, 30.5613, 11.2929291191, 41.9708260194
B17-F11_1, 1547, 570.573, 252.993, 32.5, 11.2877853299, 41.9740003149
B17-F11_3, 1548, 280.072, 69.2378, 29.0158, 11.2695476881, 41.9735656986
B17-F11_7, 1550, 161.901, 484.916, 25.6968, 11.2741122293, 41.9844972574
B17-F11_11, 1550, 161.901, 84.9162, 25.6968, 11.2741122293, 41.9844972574
B17-F11_16, 1551, 363.688, 155.919, 55.4181, 11.2602328565, 41.9927536736
B17-F11_18, 1552, 196.902, 103.484, 72.5, 11.2873936302, 41.9944422306
B17-F11_21, 1553, 591.402, 388.28, 47.5, 11.2936525182, 42.0033334499
B17-F11_22, 1554, 583.94, 362.855, 34.9393, 11.2821809243, 42.0043280873
B17-F11_24, 1555, 168.405, 466.867, 50.0, 11.267083563, 42.0075682661
B17-F11_27, 1477, 335.47, 332.61, 31.25, 11.2763250545, 42.0102221717
B17-F11_28, 1555, 168.405, 66.8673, 50.0, 11.267083563, 42.0075682661
B17-F12_8, 1557, 134.971, 373.681, 41.638, 11.2189394212, 41.9893692283
B17-F12_26, 1494, 269.57, 416.134, 33.3535, 11.2455379586, 42.0150092226
B17-F15_4, 1562, 601.543, 342.234, 36.5725, 11.3337309208, 41.9322577953
B17-F15_16, 1575, 654.049, 348.902, 38.1229, 11.3362832438, 41.9489241963
B17-F15_20, 1574, 637.014, 117.624, 53.0083, 11.3370897821, 41.9512016632
B17-F15_28, 1511, 633.732, 348.987, 26.5897, 11.3401585588, 41.965351566
B17-F16_1, 1562, 47.8666, 347.76, 36.5725, 11.3337309208, 41.9322577953
B17-F16_2, 195, 169.395, 59.2637, 27.5, 11.3190472829, 41.9299377034
B17-F16_2, 1564, 681.416, 212.544, 28.75, 11.3101330698, 41.9331405493
B17-F16_2, 1565, 701.972, 354.212, 35.7211, 11.3101679597, 41.9351284912
B17-F16_3, 1564, 56.4157, 212.544, 28.75, 11.3101330698, 41.9331405493
B17-F16_3, 1565, 76.9723, 354.212, 35.7211, 11.3101679597, 41.9351284912
B17-F16_4, 199, 125.802, 78.6176, 21.25, 11.2968581887, 41.9328232282
B17-F16_6, 1570, 494.521, 453.616, 23.5269, 11.3154523094, 41.9415278547
B17-F16_10, 1570, 494.521, 53.6162, 23.5269, 11.3154523094, 41.9415278547
B17-F16_12, 1572, 561.539, 212.909, 21.8625, 11.2916319888, 41.9465736723
B17-F16_13, 1575, 101.002, 354.4, 38.1229, 11.3362832438, 41.9489241963
B17-F16_14, 1567, 236.739, 149.909, 22.5, 11.321656733, 41.9477748319
B17-F16_16, 1581, 462.314, 291.992, 32.5693, 11.2948601238, 41.9529300902
B17-F16_17, 1573, 451.826, 234.077, 27.5, 11.3306324604, 41.9535240893
B17-F16_17, 1574, 84.0558, 123.131, 53.0083, 11.3370897821, 41.9512016632
B17-F16_19, 1576, 429.179, 248.812, 32.5, 11.3080401952, 41.9563953116
B17-F16_19, 1577, 166.897, 231.284, 24.727, 11.3128262286, 41.9555848747
B17-F16_19, 1578, 135.755, 241.011, 20.3377, 11.313429006, 41.9556506074
B17-F16_20, 1579, 306.444, 220.517, 25.0, 11.2986940269, 41.9570981671
B17-F16_20, 1580, 654.922, 265.281, 25.2259, 11.2923973548, 41.9584687147
B17-F16_21, 1583, 283.554, 424.588, 47.1359, 11.3354645697, 41.9612574755
B17-F16_22, 1586, 398.725, 333.192, 48.7405, 11.3215453725, 41.9616145649
B17-F16_22, 1588, 651.728, 319.42, 86.6939, 11.3168386072, 41.9619758535
B17-F16_23, 1585, 385.151, 216.082, 49.7285, 11.3099255399, 41.961337489
B17-F16_23, 1588, 26.7279, 319.42, 86.6939, 11.3168386072, 41.9619758535
B17-F16_25, 1511, 81.3128, 354.495, 26.5897, 11.3401585588, 41.965351566
B17-F16_25, 1512, 261.08, 373.676, 22.5, 11.3368991149, 41.9660061012
B17-F16_25, 1583, 283.554, 24.5883, 47.1359, 11.3354645697, 41.9612574755
B17-F16_28, 1532, 124.544, 466.879, 34.43, 11.3051052408, 41.9710652211
B17-F17_2, 1594, 265.402, 137.616, 52.4712, 11.273904792, 41.9366148114
B17-F17_2, 1595, 569.201, 378.501, 30.7425, 11.2690075384, 41.940579363
B17-F17_2, 1608, 356.183, 444.838, 53.0083, 11.2731291262, 41.9410262527
B17-F17_3, 1596, 564.749, 379.252, 23.5269, 11.2575676016, 41.9419377854
B17-F17_6, 1608, 356.183, 44.8378, 53.0083, 11.2731291262, 41.9410262527
B17-F17_9, 1572, 62.4216, 217.145, 21.8625, 11.2916319888, 41.9465736723
B17-F17_13, 1598, 513.75, 123.79, 34.9708, 11.2843192808, 41.9520658564
B17-F17_17, 1580, 156.241, 269.469, 25.2259, 11.2923973548, 41.9584687147
B17-F17_22, 1600, 709.544, 148.425, 38.75, 11.2715934085, 41.965162132
B17-F17_23, 1600, 84.544, 148.425, 38.75, 11.2715934085, 41.965162132
B17-F17_25, 1546, 264.855, 352.785, 30.5613, 11.2929291191, 41.9708260194
B17-F17_27, 1548, 282.175, 351.514, 29.0158, 11.2695476881, 41.9735656986
B17-F17_28, 1604, 675.403, 108.472, 28.3777, 11.2502167409, 41.9727418516
B17-F18_1, 860, 699.1, 131.31, 34.9932, 11.2333160867, 41.9410188747
B17-F18_2, 860, 74.1002, 131.31, 34.9932, 11.2333160867, 41.9410188747
B17-F18_3, 1614, 229.345, 406.796, 53.0083, 11.2197783013, 41.9464832834
B17-F18_7, 1614, 229.345, 6.79623, 53.0083, 11.2197783013, 41.9464832834
B17-F18_9, 1616, 639.746, 188.64, 42.2838, 11.2369611956, 41.9526387748
B17-F18_10, 1616, 14.7462, 188.64, 42.2838, 11.2369611956, 41.9526387748
B17-F18_18, 1618, 291.631, 276.356, 31.6419, 11.2344519134, 41.9654172325
B17-F18_25, 1604, 170.822, 106.348, 28.3777, 11.2502167409, 41.9727418516
B19-F04_27, 825, 419.951, 368.112, 73.3456, 11.4571041311, 42.139499761
B19-F04_27, 826, 201.248, 277.675, 41.0192, 11.4608850955, 42.1377840064
B21-F01_4, 1, 363.225, 140.446, 39.2935, 11.6382736291, 42.1938865228
B21-F01_12, 2, 603.492, 472.359, 62.7609, 11.6371386782, 42.2099357811
B21-F01_16, 2, 603.492, 72.359, 62.7609, 11.6371386782, 42.2099357811
B21-F02_4, 34, 342.143, 103.873, 28.75, 11.5945552096, 42.1984390704
B21-F02_5, 20, 345.555, 159.991, 27.5, 11.6305497969, 42.2006305609
B21-F02_5, 21, 283.475, 123.21, 25.0, 11.6315913396, 42.1999909874
B21-F02_5, 22, 341.355, 235.392, 18.75, 11.6308489717, 42.2016557317
B21-F02_5, 23, 266.31, 355.492, 23.75, 11.6325913077, 42.2031399537
B21-F02_9, 2, 103.435, 476.744, 62.7609, 11.6371386782, 42.2099357811
B21-F02_10, 25, 215.043, 126.201, 37.5, 11.6224677492, 42.206729334
B21-F02_10, 35, 284.801, 342.115, 27.5, 11.6218094981, 42.2098428095
B21-F02_13, 2, 103.435, 76.7435, 62.7609, 11.6371386782, 42.2099357811
B21-F02_13, 26, 255.459, 445.282, 32.5, 11.6354058702, 42.2153219618
B21-F02_16, 28, 242.978, 461.673, 37.5, 11.6009553385, 42.2195943076
B21-F02_17, 26, 255.459, 45.2819, 32.5, 11.6354058702, 42.2153219618
B21-F02_18, 27, 571.804, 363.275, 50.0, 11.6189034678, 42.2217310873
B21-F02_20, 28, 242.978, 61.6731, 37.5, 11.6009553385, 42.2195943076
B21-F02_22, 29, 106.786, 219.451, 23.75, 11.6282695127, 42.2242342711
B21-F03_5, 57, 403.072, 112.02, 31.25, 11.5853450388, 42.2052976124
B21-F04_5, 745, 223.471, 279.068, 27.5, 11.5442630509, 42.2123984176
B21-F04_24, 748, 492.559, 160.786, 75.0, 11.5088915812, 42.2373829033
B21-F05_10, 757, 288.65, 478.048, 43.75, 11.4892387752, 42.227215876
B21-F05_14, 757, 288.65, 78.0484, 43.75, 11.4892387752, 42.227215876
B21-F05_24, 765, 692.122, 482.667, 93.75, 11.4621353613, 42.2473315569
B21-F05_25, 758, 308.662, 448.349, 28.7485, 11.5050611898, 42.2474406141
B21-F05_28, 765, 692.122, 82.667, 93.75, 11.4621353613, 42.2473315569
B21-F06_6, 769, 591.286, 374.006, 40.0, 11.4381533506, 42.2261592155
B21-F06_21, 765, 192.319, 479.774, 93.75, 11.4621353613, 42.2473315569
B21-F06_25, 765, 192.319, 79.7742, 93.75, 11.4621353613, 42.2473315569
B21-F07_3, 63, 467.716, 199.486, 25.0, 11.6401910567, 42.1568669027
B21-F07_6, 65, 621.944, 308.172, 27.5, 11.6503934523, 42.1628227145
B21-F07_8, 67, 670.506, 338.422, 30.8678, 11.626448785, 42.1660563183
B21-F07_13, 68, 289.998, 374.028, 37.5, 11.670644245, 42.1726197023
B21-F07_14, 66, 670.265, 120.952, 27.5909, 11.6512953138, 42.1713337496
B21-F07_14, 71, 493.126, 491.334, 22.5, 11.6556601087, 42.1760296638
B21-F07_15, 66, 45.2648, 120.952, 27.5909, 11.6512953138, 42.1713337496
B21-F07_17, 69, 576.957, 284.538, 31.25, 11.6662441946, 42.1775033529
B21-F07_17, 70, 607.312, 487.847, 30.0, 11.6662790161, 42.1803582666
B21-F07_18, 71, 493.126, 91.3341, 22.5, 11.6556601087, 42.1760296638
B21-F07_19, 73, 639.011, 325.806, 87.5, 11.6420773067, 42.1809206993
B21-F07_20, 73, 14.0106, 325.806, 87.5, 11.6420773067, 42.1809206993
B21-F07_21, 70, 607.312, 87.8465, 30.0, 11.6662790161, 42.1803582666
B21-F07_27, 74, 655.909, 192.662, 106.25, 11.6437185592, 42.1901053874
B21-F07_28, 1, 360.352, 416.155, 39.2935, 11.6382736291, 42.1938865228
B21-F07_28, 74, 30.9093, 192.662, 106.25, 11.6437185592, 42.1901053874
B21-F08_3, 86, 591.492, 336.746, 23.8466, 11.5943013752, 42.1641185521
B21-F08_4, 87, 262.764, 36.3344, 30.3161, 11.5879387566, 42.1606403388
B21-F08_5, 67, 168.828, 342.985, 30.8678, 11.626448785, 42.1660563183
B21-F08_15, 92, 401.111, 380.614, 35.0, 11.6014691997, 42.1807687477
B21-F08_28, 34, 339.301, 379.579, 28.75, 11.5945552096, 42.1984390704
B21-F09_17, 99, 333.495, 370.548, 19.3137, 11.5830064411, 42.1884535522
B21-F09_17, 101, 665.311, 328.025, 41.4937, 11.5767384821, 42.1885920524
B21-F09_18, 101, 40.3107, 328.025, 41.4937, 11.5767384821, 42.1885920524
B21-F09_18, 102, 363.986, 101.181, 25.2542, 11.5700804594, 42.1861840483
B21-F09_19, 103, 337.639, 210.463, 42.6579, 11.5593175549, 42.1889839642
B21-F10_4, 782, 104.737, 464.177, 30.0437, 11.5033133461, 42.176566725
B21-F10_8, 778, 292.83, 132.627, 12.5, 11.5000319055, 42.1779138938
B21-F10_8, 779, 387.101, 178.536, 25.0, 11.4984211657, 42.1787482189
B21-F10_8, 782, 104.737, 64.1772, 30.0437, 11.5033133461, 42.176566725
B21-F10_25, 781, 267.171, 203.952, 82.0451, 11.5412966343, 42.2021978564
B21-F11_9, 798, 252.556, 481.074, 62.5, 11.4936833751, 42.1891196647
B21-F11_13, 798, 252.556, 81.0739, 62.5, 11.4936833751, 42.1891196647
B21-F11_15, 796, 674.185, 423.94, 21.5045, 11.4637382002, 42.1974560172
B21-F11_16, 796, 49.1846, 423.94, 21.5045, 11.4637382002, 42.1974560172
B21-F11_19, 796, 674.185, 23.9396, 21.5045, 11.4637382002, 42.1974560172
B21-F11_20, 796, 49.1846, 23.9396, 21.5045, 11.4637382002, 42.1974560172
B21-F12_2, 805, 574.718, 299.928, 28.75, 11.4292703266, 42.1829198554
B21-F12_16, 810, 170.385, 452.172, 70.6897, 11.4175755412, 42.2033064129
B21-F12_20, 810, 170.385, 52.1723, 70.6897, 11.4175755412, 42.2033064129
B21-F12_21, 808, 247.313, 177.338, 26.4707, 11.4524146133, 42.2066026308
B21-F13_2, 109, 213.118, 221.904, 35.3327, 11.6487306733, 42.1185637892
B21-F13_6, 110, 317.59, 167.232, 31.25, 11.6478104174, 42.1235279826
B21-F13_10, 111, 138.107, 151.677, 28.75, 11.6522568185, 42.1284115454
B21-F13_10, 121, 675.544, 359.73, 26.25, 11.6429255031, 42.1324335884
B21-F13_11, 121, 50.544, 359.73, 26.25, 11.6429255031, 42.1324335884
B21-F13_15, 122, 420.424, 402.045, 25.0, 11.637378724, 42.1393046815
B21-F13_19, 122, 420.424, 2.04527, 25.0, 11.637378724, 42.1393046815
B21-F13_20, 116, 393.766, 117.525, 37.5, 11.6266471133, 42.142187739
B21-F13_25, 119, 127.771, 201.841, 26.25, 11.6688510556, 42.1496654912
B21-F13_27, 63, 469.879, 474.447, 25.0, 11.6401910567, 42.1568669027
B21-F14_9, 127, 603.98, 465.921, 32.6482, 11.6121224806, 42.1374762227
B21-F14_10, 128, 609.762, 372.976, 52.5, 11.6001811559, 42.1375723779
B21-F14_10, 129, 701.933, 142.45, 36.7809, 11.5978007285, 42.1346102939
B21-F14_11, 129, 76.9326, 142.45, 36.7809, 11.5978007285, 42.1346102939
B21-F14_13, 127, 603.98, 65.9207, 32.6482, 11.6121224806, 42.1374762227
B21-F14_18, 132, 485.645, 109.196, 20.0, 11.6040488446, 42.1446584272
B21-F14_18, 138, 429.366, 325.435, 16.25, 11.6057239932, 42.1475024237
B21-F14_20, 133, 643.13, 230.472, 22.5, 11.5783622471, 42.1493782061
B21-F14_25, 134, 476.233, 251.536, 22.5, 11.6185510873, 42.1562055076
B21-F14_28, 87, 264.945, 311.252, 30.3161, 11.5879387566, 42.1606403388
B21-F15_4, 147, 431.424, 441.574, 50.0, 11.5342140474, 42.1350654618
B21-F15_8, 147, 431.424, 41.5736, 50.0, 11.5342140474, 42.1350654618
B21-F15_17, 133, 139.73, 228.122, 22.5, 11.5783622471, 42.1493782061
B21-F15_19, 148, 237.584, 197.989, 43.75, 11.5533348615, 42.1518955084
B21-F16_3, 817, 551.303, 405.171, 25.1745, 11.4985507106, 42.1385699827
B21-F16_7, 817, 551.303, 5.17113, 25.1745, 11.4985507106, 42.1385699827
B21-F16_8, 819, 365.854, 386.889, 18.75, 11.491535758, 42.1447603914
B21-F16_17, 820, 644.657, 484.833, 23.5269, 11.5248741722, 42.1590981576
B21-F16_18, 820, 19.6568, 484.833, 23.5269, 11.5248741722, 42.1590981576
B21-F16_18, 822, 647.801, 439.536, 25.4427, 11.5131172665, 42.1598423741
B21-F16_19, 821, 123.844, 497.41, 56.5484, 11.5114170263, 42.1608558277
B21-F16_19, 822, 22.8012, 439.536, 25.4427, 11.5131172665, 42.1598423741
B21-F16_21, 820, 644.657, 84.8333, 23.5269, 11.5248741722, 42.1590981576
B21-F16_22, 820, 19.6568, 84.8333, 23.5269, 11.5248741722, 42.1590981576
B21-F16_22, 822, 647.801, 39.5364, 25.4427, 11.5131172665, 42.1598423741
B21-F16_23, 821, 123.844, 97.4096, 56.5484, 11.5114170263, 42.1608558277
B21-F16_23, 822, 22.8012, 39.5364, 25.4427, 11.5131172665, 42.1598423741
B21-F17_3, 825, 368.547, 122.81, 73.3456, 11.4571041311, 42.139499761
B21-F17_3, 826, 149.851, 32.3549, 41.0192, 11.4608850955, 42.1377840064
B21-F17_17, 832, 243.679, 335.852, 31.25, 11.4878585801, 42.1613821916
B21-F17_18, 828, 475.365, 354.458, 31.8357, 11.4720592587, 42.163500538
B21-F17_21, 829, 527.771, 293.982, 20.4048, 11.4836522972, 42.1669129064
B21-F17_27, 830, 442.295, 119.482, 27.2093, 11.4627601037, 42.1725375905
B21-F18_1, 838, 418.187, 464.518, 25.0, 11.4363133823, 42.1467788767
B21-F18_5, 837, 248.684, 132.102, 37.8297, 11.4396477147, 42.1473372707
B21-F18_5, 838, 418.187, 64.5176, 25.0, 11.4363133823, 42.1467788767
B21-F18_11, 839, 233.844, 428.145, 43.75, 11.4188335556, 42.1595702926
B21-F18_15, 839, 233.844, 28.1454, 43.75, 11.4188335556, 42.1595702926
B21-F18_21, 840, 568.433, 180.451, 21.25, 11.4385678461, 42.1706440068
B21-F18_23, 841, 343.811, 438.549, 22.5, 11.4203455728, 42.1764134328
B21-F18_24, 842, 572.314, 414.759, 21.25, 11.4044765093, 42.1779400409
B21-F18_27, 841, 343.811, 38.549, 22.5, 11.4203455728, 42.1764134328
B21-F18_28, 842, 572.314, 14.7589, 21.25, 11.4044765093, 42.1779400409
B22-F18_28, 119, 572.026, 206.187, 26.25, 11.6688510556, 42.1496654912
B23-F03_24, 1628, 622.231, 401.633, 23.4241, 11.726161286, 42.3278889557
B23-F03_28, 1628, 622.231, 1.63341, 23.4241, 11.726161286, 42.3278889557
B23-F04_3, 1625, 183.32, 438.812, 20.0, 11.6952377018, 42.3038552455
B23-F04_7, 1625, 183.32, 38.8117, 20.0, 11.6952377018, 42.3038552455
B23-F04_9, 1626, 520.975, 435.894, 33.3509, 11.7145020114, 42.3128056047
B23-F04_11, 1627, 640.188, 202.187, 33.7793, 11.6884183565, 42.3125753443
B23-F04_12, 1627, 15.1879, 202.187, 33.7793, 11.6884183565, 42.3125753443
B23-F04_13, 1626, 520.975, 35.8936, 33.3509, 11.7145020114, 42.3128056047
B23-F04_21, 1628, 78.0773, 405.808, 23.4241, 11.726161286, 42.3278889557
B23-F04_25, 1628, 78.0773, 5.80826, 23.4241, 11.726161286, 42.3278889557
B23-F05_1, 1637, 542.776, 372.992, 45.8217, 11.6678451772, 42.3061168938
B23-F05_7, 1638, 111.11, 174.147, 54.6549, 11.6532583982, 42.310654695
B23-F05_8, 1660, 709.489, 433.684, 32.7593, 11.6311010392, 42.3169043461
B23-F05_9, 1648, 625.505, 187.998, 46.4566, 11.6681198925, 42.3147325168
B23-F05_12, 1660, 709.489, 33.6839, 32.7593, 11.6311010392, 42.3169043461
B23-F05_14, 1650, 490.363, 434.72, 49.0808, 11.6609349054, 42.3246683427
B23-F05_15, 1639, 512.38, 474.427, 38.2354, 11.6490475644, 42.3266186814
B23-F05_16, 1640, 504.882, 265.283, 20.0, 11.63697656, 42.3250902083
B23-F05_18, 1650, 490.363, 34.7203, 49.0808, 11.6609349054, 42.3246683427
B23-F05_19, 1639, 512.38, 74.4265, 38.2354, 11.6490475644, 42.3266186814
B23-F05_28, 1641, 153.5, 198.616, 46.5686, 11.6468252841, 42.3398736518
B23-F06_5, 1660, 212.218, 430.246, 32.7593, 11.6311010392, 42.3169043461
B23-F06_9, 1659, 309.006, 279.692, 27.3573, 11.6300394949, 42.3205364029
B23-F06_9, 1660, 212.218, 30.2456, 32.7593, 11.6311010392, 42.3169043461
B23-F06_10, 1661, 297.697, 345.153, 32.4423, 11.6188463562, 42.322768578
B23-F06_12, 1662, 649.99, 195.51, 52.3323, 11.5886778015, 42.3241941723
B23-F06_18, 1663, 260.457, 410.32, 23.9967, 11.6220817439, 42.3345549294
B23-F06_22, 1663, 260.457, 10.3203, 23.9967, 11.6220817439, 42.3345549294
B23-F10_4, 1673, 168.487, 19.2128, 48.3529, 11.6748545453, 42.2627258111
B23-F10_16, 1694, 320.299, 287.7, 33.5741, 11.6763484756, 42.283199549
B23-F10_20, 1686, 641.903, 299.31, 28.8168, 11.6715927464, 42.2895437853
B23-F11_14, 1700, 692.48, 418.194, 38.1513, 11.6490789684, 42.2882341751
B23-F11_15, 1700, 67.4802, 418.194, 38.1513, 11.6490789684, 42.2882341751
B23-F11_17, 1686, 144.772, 303.261, 28.8168, 11.6715927464, 42.2895437853
B23-F11_18, 1700, 692.48, 18.1938, 38.1513, 11.6490789684, 42.2882341751
B23-F11_19, 1700, 67.4802, 18.1938, 38.1513, 11.6490789684, 42.2882341751
B23-F11_20, 1699, 175.337, 330.192, 34.0303, 11.636405726, 42.2941058332
B23-F11_22, 1698, 547.649, 151.893, 58.547, 11.6533335387, 42.2952401263
B23-F12_1, 1703, 613.134, 435.592, 56.6341, 11.6148289804, 42.2756226266
B23-F12_5, 1703, 613.134, 35.5922, 56.6341, 11.6148289804, 42.2756226266
B23-F12_23, 1709, 560.753, 453.384, 50.1043, 11.5985486753, 42.3059022682
B23-F12_27, 1709, 560.753, 53.3843, 50.1043, 11.5985486753, 42.3059022682
B23-F16_8, 1713, 511.127, 349.142, 25.0, 11.6629455718, 42.2366461342
B23-F16_28, 1673, 172.459, 301.144, 48.3529, 11.6748545453, 42.2627258111
B23-F17_5, 1713, 5.65961, 347.1, 25.0, 11.6629455718, 42.2366461342
B23-F17_7, 1710, 355.49, 184.58, 26.25, 11.6328281206, 42.237895595
B23-F17_14, 1712, 174.447, 118.012, 35.995, 11.6499170059, 42.2462043557
B23-F17_22, 1715, 579.959, 268.088, 26.6133, 11.6451943661, 42.2601183111
B23-F17_22, 1716, 334.779, 363.24, 45.8013, 11.6500181462, 42.2608903934
B23-F17_24, 1717, 524.646, 168.072, 27.4477, 11.6227579991, 42.2613414621
B23-F18_13, 1720, 304.1, 109.344, 44.8757, 11.6149056937, 42.2501699748
B23-F18_15, 1725, 534.774, 459.76, 39.9515, 11.5884963361, 42.2581957982
B23-F18_15, 1728, 604.332, 454.945, 26.1761, 11.5871930812, 42.2582808116
B23-F18_16, 1721, 128.054, 186.198, 42.5637, 11.5836480289, 42.2549171658
B23-F18_18, 1723, 724.069, 378.539, 25.0, 11.5975077089, 42.2616219969
B23-F18_19, 1723, 99.0692, 378.539, 25.0, 11.5975077089, 42.2616219969
B23-F18_19, 1725, 534.774, 59.7602, 39.9515, 11.5884963361, 42.2581957982
B23-F18_19, 1728, 604.332, 54.9449, 26.1761, 11.5871930812, 42.2582808116
B23-F18_21, 1717, 20.1047, 165.992, 27.4477, 11.6227579991, 42.2613414621
B23-F18_22, 1726, 363.754, 350.219, 30.6027, 11.6052782645, 42.2659371143
B23-F18_24, 1724, 261.178, 163.064, 16.8499, 11.5834607909, 42.265863035
